{"train_accuracy": 0.672443595342067, "test_accuracy": 0.6493813682678311, "test_accuracy_new": 0.6570458404074703}